{"Total_Biodiversity_allvalues": [90, 152, 161, 183, 192, 193, 197, 197, 201, 203, 203, 209, 213, 216, 216, 217, 220, 220, 224, 225, 226, 232, 232, 233, 235, 254, 255, 260, 262, 266, 266, 268, 272, 272, 274, 276, 276, 277, 278, 279, 281, 282, 282, 285, 285, 286, 286, 287, 289, 293, 296, 312, 315, 318, 332, 354, 371, 374, 396, 402, 423, 598], "objects": {"state": {"type": "GeometryCollection", "geometries": [{"type": "MultiPolygon", "properties": {"LSAD": "06", "STATEFP": "36"}, "arcs": [[[5, 106, 130, 167, 166, 71, 120, 168, 59, 116, 141, 148, 53, 174, 99, 43, 178, 184, 77, 147, 35, 152, 39, 136, 165, 138, 181, 176, 74, 72, 177, 157, 154, 95, 42, 28, 158, 10, 185, 183, 14, 66]], [[164]]]}]}, "counties": {"type": "GeometryCollection", "geometries": [{"type": "Polygon", "properties": {"NAME": "Steuben", "ALAND": 3601566799, "Natural_Community_Count": 6, "LSAD": "06", "AWATER": 34993606, "COUNTYFP": "101", "Animal_Count": 203, "Plant_Count": 16, "AFFGEOID": "0500000US36101", "Total_Biodiversity": 225, "GEOID": "36101", "STATEFP": "36", "COUNTYNS": "00974148"}, "arcs": [[0, 1, 2, 3, 4, 5, 6]]}, {"type": "Polygon", "properties": {"NAME": "Sullivan", "ALAND": 2507457324, "Natural_Community_Count": 15, "LSAD": "06", "AWATER": 74040948, "COUNTYFP": "105", "Animal_Count": 221, "Plant_Count": 19, "AFFGEOID": "0500000US36105", "Total_Biodiversity": 255, "GEOID": "36105", "STATEFP": "36", "COUNTYNS": "00974150"}, "arcs": [[7, 8, 9, 10]]}, {"type": "Polygon", "properties": {"NAME": "Tioga", "ALAND": 1343192586, "Natural_Community_Count": 0, "LSAD": "06", "AWATER": 11059913, "COUNTYFP": "107", "Animal_Count": 183, "Plant_Count": 14, "AFFGEOID": "0500000US36107", "Total_Biodiversity": 197, "GEOID": "36107", "STATEFP": "36", "COUNTYNS": "00974151"}, "arcs": [[11, 12, 13, 14, 15]]}, {"type": "Polygon", "properties": {"NAME": "Fulton", "ALAND": 1283235709, "Natural_Community_Count": 2, "LSAD": "06", "AWATER": 96916405, "COUNTYFP": "035", "Animal_Count": 190, "Plant_Count": 5, "AFFGEOID": "0500000US36035", "Total_Biodiversity": 197, "GEOID": "36035", "STATEFP": "36", "COUNTYNS": "00974116"}, "arcs": [[16, 17, 18, 19]]}, {"type": "Polygon", "properties": {"NAME": "Lewis", "ALAND": 3301310792, "Natural_Community_Count": 25, "LSAD": "06", "AWATER": 39609924, "COUNTYFP": "049", "Animal_Count": 216, "Plant_Count": 46, "AFFGEOID": "0500000US36049", "Total_Biodiversity": 287, "GEOID": "36049", "STATEFP": "36", "COUNTYNS": "00974123"}, "arcs": [[20, 21, 22, 23, 24]]}, {"type": "Polygon", "properties": {"NAME": "Rockland", "ALAND": 449372977, "Natural_Community_Count": 13, "LSAD": "06", "AWATER": 66914608, "COUNTYFP": "087", "Animal_Count": 208, "Plant_Count": 61, "AFFGEOID": "0500000US36087", "Total_Biodiversity": 282, "GEOID": "36087", "STATEFP": "36", "COUNTYNS": "00974142"}, "arcs": [[25, 26, 27, 28]]}, {"type": "Polygon", "properties": {"NAME": "Schuyler", "ALAND": 850379110, "Natural_Community_Count": 6, "LSAD": "06", "AWATER": 36246374, "COUNTYFP": "097", "Animal_Count": 202, "Plant_Count": 12, "AFFGEOID": "0500000US36097", "Total_Biodiversity": 220, "GEOID": "36097", "STATEFP": "36", "COUNTYNS": "00974146"}, "arcs": [[29, 30, 31, 32, -4]]}, {"type": "Polygon", "properties": {"NAME": "Dutchess", "ALAND": 2060686537, "Natural_Community_Count": 29, "LSAD": "06", "AWATER": 76954190, "COUNTYFP": "027", "Animal_Count": 231, "Plant_Count": 94, "AFFGEOID": "0500000US36027", "Total_Biodiversity": 354, "GEOID": "36027", "STATEFP": "36", "COUNTYNS": "00974112"}, "arcs": [[33, 34, 35, 36, 37]]}, {"type": "Polygon", "properties": {"NAME": "Westchester", "ALAND": 1115031350, "Natural_Community_Count": 12, "LSAD": "06", "AWATER": 179949077, "COUNTYFP": "119", "Animal_Count": 222, "Plant_Count": 81, "AFFGEOID": "0500000US36119", "Total_Biodiversity": 315, "GEOID": "36119", "STATEFP": "36", "COUNTYNS": "00974157"}, "arcs": [[38, 39, 40, 41, 42, -28]]}, {"type": "Polygon", "properties": {"NAME": "Clinton", "ALAND": 2688025812, "Natural_Community_Count": 30, "LSAD": "06", "AWATER": 206355551, "COUNTYFP": "019", "Animal_Count": 245, "Plant_Count": 57, "AFFGEOID": "0500000US36019", "Total_Biodiversity": 332, "GEOID": "36019", "STATEFP": "36", "COUNTYNS": "00974108"}, "arcs": [[43, 44, 45]]}, {"type": "Polygon", "properties": {"NAME": "Seneca", "ALAND": 838403626, "Natural_Community_Count": 11, "LSAD": "06", "AWATER": 172828921, "COUNTYFP": "099", "Animal_Count": 195, "Plant_Count": 29, "AFFGEOID": "0500000US36099", "Total_Biodiversity": 235, "GEOID": "36099", "STATEFP": "36", "COUNTYNS": "00974147"}, "arcs": [[46, 47, 48, -31, 49, 50]]}, {"type": "Polygon", "properties": {"NAME": "Jefferson", "ALAND": 3285858287, "Natural_Community_Count": 34, "LSAD": "06", "AWATER": 1524359917, "COUNTYFP": "045", "Animal_Count": 263, "Plant_Count": 77, "AFFGEOID": "0500000US36045", "Total_Biodiversity": 374, "GEOID": "36045", "STATEFP": "36", "COUNTYNS": "00974121"}, "arcs": [[51, -25, 52, 53]]}, {"type": "Polygon", "properties": {"NAME": "Wyoming", "ALAND": 1535218840, "Natural_Community_Count": 13, "LSAD": "06", "AWATER": 9158424, "COUNTYFP": "121", "Animal_Count": 196, "Plant_Count": 23, "AFFGEOID": "0500000US36121", "Total_Biodiversity": 232, "GEOID": "36121", "STATEFP": "36", "COUNTYNS": "00974158"}, "arcs": [[54, 55, 56, 57, 58]]}, {"type": "Polygon", "properties": {"NAME": "Monroe", "ALAND": 1702167181, "Natural_Community_Count": 14, "LSAD": "06", "AWATER": 1837631519, "COUNTYFP": "055", "Animal_Count": 213, "Plant_Count": 62, "AFFGEOID": "0500000US36055", "Total_Biodiversity": 289, "GEOID": "36055", "STATEFP": "36", "COUNTYNS": "00974126"}, "arcs": [[59, 60, 61, 62, 63, 64]]}, {"type": "Polygon", "properties": {"NAME": "Chemung", "ALAND": 1055038636, "Natural_Community_Count": 5, "LSAD": "06", "AWATER": 8874334, "COUNTYFP": "015", "Animal_Count": 196, "Plant_Count": 23, "AFFGEOID": "0500000US36015", "Total_Biodiversity": 224, "GEOID": "36015", "STATEFP": "36", "COUNTYNS": "00974106"}, "arcs": [[-33, 65, -16, 66, -5]]}, {"type": "Polygon", "properties": {"NAME": "Erie", "ALAND": 2700574449, "Natural_Community_Count": 20, "LSAD": "06", "AWATER": 476962888, "COUNTYFP": "029", "Animal_Count": 250, "Plant_Count": 48, "AFFGEOID": "0500000US36029", "Total_Biodiversity": 318, "GEOID": "36029", "STATEFP": "36", "COUNTYNS": "00974113"}, "arcs": [[67, 68, -59, 69, 70, 71]]}, {"type": "Polygon", "properties": {"NAME": "Richmond", "ALAND": 150679985, "Natural_Community_Count": 6, "LSAD": "06", "AWATER": 114256059, "COUNTYFP": "085", "Animal_Count": 167, "Plant_Count": 99, "AFFGEOID": "0500000US36085", "Total_Biodiversity": 272, "GEOID": "36085", "STATEFP": "36", "COUNTYNS": "00974141"}, "arcs": [[72, 73, 74]]}, {"type": "Polygon", "properties": {"NAME": "Rensselaer", "ALAND": 1689791584, "Natural_Community_Count": 20, "LSAD": "06", "AWATER": 33569458, "COUNTYFP": "083", "Animal_Count": 205, "Plant_Count": 57, "AFFGEOID": "0500000US36083", "Total_Biodiversity": 282, "GEOID": "36083", "STATEFP": "36", "COUNTYNS": "00974140"}, "arcs": [[75, 76, 77, 78, 79]]}, {"type": "Polygon", "properties": {"NAME": "Tompkins", "ALAND": 1229335864, "Natural_Community_Count": 10, "LSAD": "06", "AWATER": 43793070, "COUNTYFP": "109", "Animal_Count": 215, "Plant_Count": 52, "AFFGEOID": "0500000US36109", "Total_Biodiversity": 277, "GEOID": "36109", "STATEFP": "36", "COUNTYNS": "00974152"}, "arcs": [[-49, 80, 81, -12, -66, -32]]}, {"type": "Polygon", "properties": {"NAME": "Montgomery", "ALAND": 1044067737, "Natural_Community_Count": 2, "LSAD": "06", "AWATER": 18598434, "COUNTYFP": "057", "Animal_Count": 177, "Plant_Count": 4, "AFFGEOID": "0500000US36057", "Total_Biodiversity": 183, "GEOID": "36057", "STATEFP": "36", "COUNTYNS": "00974127"}, "arcs": [[-19, 82, 83, 84, 85, 86]]}, {"type": "Polygon", "properties": {"NAME": "Schoharie", "ALAND": 1610503573, "Natural_Community_Count": 0, "LSAD": "06", "AWATER": 11676949, "COUNTYFP": "095", "Animal_Count": 198, "Plant_Count": 5, "AFFGEOID": "0500000US36095", "Total_Biodiversity": 203, "GEOID": "36095", "STATEFP": "36", "COUNTYNS": "00974145"}, "arcs": [[-85, 87, 88, 89, 90, 91]]}, {"type": "Polygon", "properties": {"NAME": "Bronx", "ALAND": 108910661, "Natural_Community_Count": 3, "LSAD": "06", "AWATER": 39682657, "COUNTYFP": "005", "Animal_Count": 121, "Plant_Count": 37, "AFFGEOID": "0500000US36005", "Total_Biodiversity": 161, "GEOID": "36005", "STATEFP": "36", "COUNTYNS": "00974101"}, "arcs": [[-42, 92, 93, 94, 95]]}, {"type": "Polygon", "properties": {"NAME": "Franklin", "ALAND": 4219273083, "Natural_Community_Count": 27, "LSAD": "06", "AWATER": 177028893, "COUNTYFP": "033", "Animal_Count": 239, "Plant_Count": 27, "AFFGEOID": "0500000US36033", "Total_Biodiversity": 293, "GEOID": "36033", "STATEFP": "36", "COUNTYNS": "00974115"}, "arcs": [[-46, 96, 97, 98, 99]]}, {"type": "Polygon", "properties": {"NAME": "Otsego", "ALAND": 2594415308, "Natural_Community_Count": 6, "LSAD": "06", "AWATER": 36387176, "COUNTYFP": "077", "Animal_Count": 195, "Plant_Count": 19, "AFFGEOID": "0500000US36077", "Total_Biodiversity": 220, "GEOID": "36077", "STATEFP": "36", "COUNTYNS": "00974137"}, "arcs": [[100, 101, 102, -86, -92, 103, 104]]}, {"type": "Polygon", "properties": {"NAME": "Allegany", "ALAND": 2665875175, "Natural_Community_Count": 3, "LSAD": "06", "AWATER": 13153776, "COUNTYFP": "003", "Animal_Count": 205, "Plant_Count": 8, "AFFGEOID": "0500000US36003", "Total_Biodiversity": 216, "GEOID": "36003", "STATEFP": "36", "COUNTYNS": "00974100"}, "arcs": [[-57, 105, -7, 106, 107]]}, {"type": "Polygon", "properties": {"NAME": "Yates", "ALAND": 875785686, "Natural_Community_Count": 2, "LSAD": "06", "AWATER": 97504774, "COUNTYFP": "123", "Animal_Count": 170, "Plant_Count": 21, "AFFGEOID": "0500000US36123", "Total_Biodiversity": 193, "GEOID": "36123", "STATEFP": "36", "COUNTYNS": "00974159"}, "arcs": [[-50, -30, -3, 108]]}, {"type": "Polygon", "properties": {"NAME": "Cortland", "ALAND": 1291815778, "Natural_Community_Count": 6, "LSAD": "06", "AWATER": 7112822, "COUNTYFP": "023", "Animal_Count": 183, "Plant_Count": 14, "AFFGEOID": "0500000US36023", "Total_Biodiversity": 203, "GEOID": "36023", "STATEFP": "36", "COUNTYNS": "00974110"}, "arcs": [[109, 110, 111, 112, -13, -82, 113]]}, {"type": "Polygon", "properties": {"NAME": "Ontario", "ALAND": 1668118116, "Natural_Community_Count": 7, "LSAD": "06", "AWATER": 47817330, "COUNTYFP": "069", "Animal_Count": 203, "Plant_Count": 22, "AFFGEOID": "0500000US36069", "Total_Biodiversity": 232, "GEOID": "36069", "STATEFP": "36", "COUNTYNS": "00974133"}, "arcs": [[-62, 114, -51, -109, -2, 115]]}, {"type": "Polygon", "properties": {"NAME": "Wayne", "ALAND": 1563903158, "Natural_Community_Count": 13, "LSAD": "06", "AWATER": 2018183253, "COUNTYFP": "117", "Animal_Count": 192, "Plant_Count": 21, "AFFGEOID": "0500000US36117", "Total_Biodiversity": 226, "GEOID": "36117", "STATEFP": "36", "COUNTYNS": "00974156"}, "arcs": [[116, 117, -47, -115, -61]]}, {"type": "Polygon", "properties": {"NAME": "Niagara", "ALAND": 1352887119, "Natural_Community_Count": 4, "LSAD": "06", "AWATER": 1598842045, "COUNTYFP": "063", "Animal_Count": 215, "Plant_Count": 47, "AFFGEOID": "0500000US36063", "Total_Biodiversity": 266, "GEOID": "36063", "STATEFP": "36", "COUNTYNS": "00974130"}, "arcs": [[118, 119, -68, 120]]}, {"type": "Polygon", "properties": {"NAME": "Albany", "ALAND": 1354074936, "Natural_Community_Count": 17, "LSAD": "06", "AWATER": 27170401, "COUNTYFP": "001", "Animal_Count": 241, "Plant_Count": 54, "AFFGEOID": "0500000US36001", "Total_Biodiversity": 312, "GEOID": "36001", "STATEFP": "36", "COUNTYNS": "00974099"}, "arcs": [[121, 122, -80, 123, -89]]}, {"type": "Polygon", "properties": {"NAME": "Onondaga", "ALAND": 2016071016, "Natural_Community_Count": 13, "LSAD": "06", "AWATER": 70469619, "COUNTYFP": "067", "Animal_Count": 214, "Plant_Count": 59, "AFFGEOID": "0500000US36067", "Total_Biodiversity": 286, "GEOID": "36067", "STATEFP": "36", "COUNTYNS": "00974132"}, "arcs": [[124, 125, -110, 126]]}, {"type": "Polygon", "properties": {"NAME": "Herkimer", "ALAND": 3655845535, "Natural_Community_Count": 15, "LSAD": "06", "AWATER": 120374346, "COUNTYFP": "043", "Animal_Count": 209, "Plant_Count": 30, "AFFGEOID": "0500000US36043", "Total_Biodiversity": 254, "GEOID": "36043", "STATEFP": "36", "COUNTYNS": "00974120"}, "arcs": [[-22, 127, 128, -20, -87, -103, 129]]}, {"type": "Polygon", "properties": {"NAME": "Cattaraugus", "ALAND": 3388637065, "Natural_Community_Count": 18, "LSAD": "06", "AWATER": 36604688, "COUNTYFP": "009", "Animal_Count": 226, "Plant_Count": 32, "AFFGEOID": "0500000US36009", "Total_Biodiversity": 276, "GEOID": "36009", "STATEFP": "36", "COUNTYNS": "00974103"}, "arcs": [[-70, -58, -108, 130, 131]]}, {"type": "Polygon", "properties": {"NAME": "Ulster", "ALAND": 2911755155, "Natural_Community_Count": 35, "LSAD": "06", "AWATER": 94599666, "COUNTYFP": "111", "Animal_Count": 245, "Plant_Count": 91, "AFFGEOID": "0500000US36111", "Total_Biodiversity": 371, "GEOID": "36111", "STATEFP": "36", "COUNTYNS": "00974153"}, "arcs": [[132, 133, -34, 134, -9, 135]]}, {"type": "Polygon", "properties": {"NAME": "Nassau", "ALAND": 737654579, "Natural_Community_Count": 14, "LSAD": "06", "AWATER": 436841861, "COUNTYFP": "059", "Animal_Count": 188, "Plant_Count": 83, "AFFGEOID": "0500000US36059", "Total_Biodiversity": 285, "GEOID": "36059", "STATEFP": "36", "COUNTYNS": "00974128"}, "arcs": [[-93, -41, 136, 137, 138, 139]]}, {"type": "Polygon", "properties": {"NAME": "Livingston", "ALAND": 1636256622, "Natural_Community_Count": 15, "LSAD": "06", "AWATER": 22006106, "COUNTYFP": "051", "Animal_Count": 215, "Plant_Count": 36, "AFFGEOID": "0500000US36051", "Total_Biodiversity": 266, "GEOID": "36051", "STATEFP": "36", "COUNTYNS": "00974124"}, "arcs": [[140, -63, -116, -1, -106, -56]]}, {"type": "Polygon", "properties": {"NAME": "Cayuga", "ALAND": 1791214123, "Natural_Community_Count": 13, "LSAD": "06", "AWATER": 445685237, "COUNTYFP": "011", "Animal_Count": 215, "Plant_Count": 40, "AFFGEOID": "0500000US36011", "Total_Biodiversity": 268, "GEOID": "36011", "STATEFP": "36", "COUNTYNS": "00974104"}, "arcs": [[-118, 141, 142, -127, -114, -81, -48]]}, {"type": "Polygon", "properties": {"NAME": "Chenango", "ALAND": 2314302567, "Natural_Community_Count": 4, "LSAD": "06", "AWATER": 13138247, "COUNTYFP": "017", "Animal_Count": 197, "Plant_Count": 12, "AFFGEOID": "0500000US36017", "Total_Biodiversity": 213, "GEOID": "36017", "STATEFP": "36", "COUNTYNS": "00974107"}, "arcs": [[143, -105, 144, 145, -112]]}, {"type": "Polygon", "properties": {"NAME": "Columbia", "ALAND": 1643936648, "Natural_Community_Count": 22, "LSAD": "06", "AWATER": 35063635, "COUNTYFP": "021", "Animal_Count": 213, "Plant_Count": 46, "AFFGEOID": "0500000US36021", "Total_Biodiversity": 281, "GEOID": "36021", "STATEFP": "36", "COUNTYNS": "00974109"}, "arcs": [[146, -79, 147, -35, -134]]}, {"type": "Polygon", "properties": {"NAME": "Oswego", "ALAND": 2464745364, "Natural_Community_Count": 24, "LSAD": "06", "AWATER": 933505961, "COUNTYFP": "075", "Animal_Count": 235, "Plant_Count": 27, "AFFGEOID": "0500000US36075", "Total_Biodiversity": 286, "GEOID": "36075", "STATEFP": "36", "COUNTYNS": "00974136"}, "arcs": [[148, -53, -24, 149, 150, -125, -143]]}, {"type": "Polygon", "properties": {"NAME": "Putnam", "ALAND": 596504170, "Natural_Community_Count": 18, "LSAD": "06", "AWATER": 41282800, "COUNTYFP": "079", "Animal_Count": 200, "Plant_Count": 44, "AFFGEOID": "0500000US36079", "Total_Biodiversity": 262, "GEOID": "36079", "STATEFP": "36", "COUNTYNS": "00974138"}, "arcs": [[151, -37, 152, -39, -27]]}, {"type": "Polygon", "properties": {"NAME": "Greene", "ALAND": 1676140490, "Natural_Community_Count": 26, "LSAD": "06", "AWATER": 28201061, "COUNTYFP": "039", "Animal_Count": 206, "Plant_Count": 42, "AFFGEOID": "0500000US36039", "Total_Biodiversity": 274, "GEOID": "36039", "STATEFP": "36", "COUNTYNS": "00974118"}, "arcs": [[-90, -124, -147, -133, 153]]}, {"type": "Polygon", "properties": {"NAME": "New York", "ALAND": 58678310, "Natural_Community_Count": 1, "LSAD": "06", "AWATER": 28554415, "COUNTYFP": "061", "Animal_Count": 61, "Plant_Count": 28, "AFFGEOID": "0500000US36061", "Total_Biodiversity": 90, "GEOID": "36061", "STATEFP": "36", "COUNTYNS": "00974129"}, "arcs": [[154, -95, 155, 156, 157]]}, {"type": "Polygon", "properties": {"NAME": "Orange", "ALAND": 2102290059, "Natural_Community_Count": 26, "LSAD": "06", "AWATER": 69792820, "COUNTYFP": "071", "Animal_Count": 267, "Plant_Count": 109, "AFFGEOID": "0500000US36071", "Total_Biodiversity": 402, "GEOID": "36071", "STATEFP": "36", "COUNTYNS": "00974134"}, "arcs": [[-135, -38, -152, -26, 158, -10]]}, {"type": "Polygon", "properties": {"NAME": "Madison", "ALAND": 1696091560, "Natural_Community_Count": 8, "LSAD": "06", "AWATER": 16670528, "COUNTYFP": "053", "Animal_Count": 187, "Plant_Count": 22, "AFFGEOID": "0500000US36053", "Total_Biodiversity": 217, "GEOID": "36053", "STATEFP": "36", "COUNTYNS": "00974125"}, "arcs": [[-151, 159, -101, -144, -111, -126]]}, {"type": "Polygon", "properties": {"NAME": "Warren", "ALAND": 2245411085, "Natural_Community_Count": 31, "LSAD": "06", "AWATER": 167428334, "COUNTYFP": "113", "Animal_Count": 208, "Plant_Count": 57, "AFFGEOID": "0500000US36113", "Total_Biodiversity": 296, "GEOID": "36113", "STATEFP": "36", "COUNTYNS": "00974154"}, "arcs": [[160, 161, 162, 163]]}, {"type": "MultiPolygon", "properties": {"NAME": "Suffolk", "ALAND": 2361348753, "Natural_Community_Count": 47, "LSAD": "06", "AWATER": 3785039071, "COUNTYFP": "103", "Animal_Count": 309, "Plant_Count": 242, "AFFGEOID": "0500000US36103", "Total_Biodiversity": 598, "GEOID": "36103", "STATEFP": "36", "COUNTYNS": "00974149"}, "arcs": [[[164]], [[-138, 165]]]}, {"type": "Polygon", "properties": {"NAME": "Oneida", "ALAND": 3140136085, "Natural_Community_Count": 13, "LSAD": "06", "AWATER": 117113272, "COUNTYFP": "065", "Animal_Count": 219, "Plant_Count": 47, "AFFGEOID": "0500000US36065", "Total_Biodiversity": 279, "GEOID": "36065", "STATEFP": "36", "COUNTYNS": "00974131"}, "arcs": [[-23, -130, -102, -160, -150]]}, {"type": "Polygon", "properties": {"NAME": "Chautauqua", "ALAND": 2745973929, "Natural_Community_Count": 13, "LSAD": "06", "AWATER": 1139483687, "COUNTYFP": "013", "Animal_Count": 234, "Plant_Count": 31, "AFFGEOID": "0500000US36013", "Total_Biodiversity": 278, "GEOID": "36013", "STATEFP": "36", "COUNTYNS": "00974105"}, "arcs": [[166, -71, -132, 167]]}, {"type": "Polygon", "properties": {"NAME": "Orleans", "ALAND": 1013366848, "Natural_Community_Count": 2, "LSAD": "06", "AWATER": 1103756066, "COUNTYFP": "073", "Animal_Count": 184, "Plant_Count": 6, "AFFGEOID": "0500000US36073", "Total_Biodiversity": 192, "GEOID": "36073", "STATEFP": "36", "COUNTYNS": "00974135"}, "arcs": [[168, -65, 169, -119]]}, {"type": "Polygon", "properties": {"NAME": "Saratoga", "ALAND": 2097880381, "Natural_Community_Count": 21, "LSAD": "06", "AWATER": 87571838, "COUNTYFP": "091", "Animal_Count": 221, "Plant_Count": 30, "AFFGEOID": "0500000US36091", "Total_Biodiversity": 272, "GEOID": "36091", "STATEFP": "36", "COUNTYNS": "00974143"}, "arcs": [[-163, 170, -76, -123, 171, -83, -18, 172]]}, {"type": "Polygon", "properties": {"NAME": "Schenectady", "ALAND": 529856263, "Natural_Community_Count": 0, "LSAD": "06", "AWATER": 12600388, "COUNTYFP": "093", "Animal_Count": 161, "Plant_Count": 40, "AFFGEOID": "0500000US36093", "Total_Biodiversity": 201, "GEOID": "36093", "STATEFP": "36", "COUNTYNS": "00974144"}, "arcs": [[-84, -172, -122, -88]]}, {"type": "Polygon", "properties": {"NAME": "St. Lawrence", "ALAND": 6942148461, "Natural_Community_Count": 37, "LSAD": "06", "AWATER": 365344549, "COUNTYFP": "089", "Animal_Count": 260, "Plant_Count": 99, "AFFGEOID": "0500000US36089", "Total_Biodiversity": 396, "GEOID": "36089", "STATEFP": "36", "COUNTYNS": "00977309"}, "arcs": [[-99, 173, -128, -21, -52, 174]]}, {"type": "Polygon", "properties": {"NAME": "Kings", "ALAND": 180813778, "Natural_Community_Count": 1, "LSAD": "06", "AWATER": 69955570, "COUNTYFP": "047", "Animal_Count": 121, "Plant_Count": 30, "AFFGEOID": "0500000US36047", "Total_Biodiversity": 152, "GEOID": "36047", "STATEFP": "36", "COUNTYNS": "00974122"}, "arcs": [[-157, 175, 176, -74, 177]]}, {"type": "Polygon", "properties": {"NAME": "Genesee", "ALAND": 1276697994, "Natural_Community_Count": 15, "LSAD": "06", "AWATER": 6142605, "COUNTYFP": "037", "Animal_Count": 211, "Plant_Count": 50, "AFFGEOID": "0500000US36037", "Total_Biodiversity": 276, "GEOID": "36037", "STATEFP": "36", "COUNTYNS": "00974117"}, "arcs": [[-170, -64, -141, -55, -69, -120]]}, {"type": "Polygon", "properties": {"NAME": "Essex", "ALAND": 4647128961, "Natural_Community_Count": 57, "LSAD": "06", "AWATER": 315962092, "COUNTYFP": "031", "Animal_Count": 265, "Plant_Count": 101, "AFFGEOID": "0500000US36031", "Total_Biodiversity": 423, "GEOID": "36031", "STATEFP": "36", "COUNTYNS": "00974114"}, "arcs": [[-97, -45, 178, 179, -161, 180]]}, {"type": "Polygon", "properties": {"NAME": "Queens", "ALAND": 281708062, "Natural_Community_Count": 2, "LSAD": "06", "AWATER": 179390933, "COUNTYFP": "081", "Animal_Count": 149, "Plant_Count": 58, "AFFGEOID": "0500000US36081", "Total_Biodiversity": 209, "GEOID": "36081", "STATEFP": "36", "COUNTYNS": "00974139"}, "arcs": [[-156, -94, -140, 181, -176]]}, {"type": "Polygon", "properties": {"NAME": "Broome", "ALAND": 1827924125, "Natural_Community_Count": 0, "LSAD": "06", "AWATER": 25248477, "COUNTYFP": "007", "Animal_Count": 201, "Plant_Count": 15, "AFFGEOID": "0500000US36007", "Total_Biodiversity": 216, "GEOID": "36007", "STATEFP": "36", "COUNTYNS": "00974102"}, "arcs": [[-113, -146, 182, 183, -14]]}, {"type": "Polygon", "properties": {"NAME": "Washington", "ALAND": 2152712416, "Natural_Community_Count": 23, "LSAD": "06", "AWATER": 38127086, "COUNTYFP": "115", "Animal_Count": 210, "Plant_Count": 52, "AFFGEOID": "0500000US36115", "Total_Biodiversity": 285, "GEOID": "36115", "STATEFP": "36", "COUNTYNS": "00974155"}, "arcs": [[-180, 184, -77, -171, -162]]}, {"type": "Polygon", "properties": {"NAME": "Hamilton", "ALAND": 4447998050, "Natural_Community_Count": 34, "LSAD": "06", "AWATER": 234194434, "COUNTYFP": "041", "Animal_Count": 194, "Plant_Count": 32, "AFFGEOID": "0500000US36041", "Total_Biodiversity": 260, "GEOID": "36041", "STATEFP": "36", "COUNTYNS": "00974119"}, "arcs": [[-174, -98, -181, -164, -173, -17, -129]]}, {"type": "Polygon", "properties": {"NAME": "Delaware", "ALAND": 3735954321, "Natural_Community_Count": 5, "LSAD": "06", "AWATER": 64714610, "COUNTYFP": "025", "Animal_Count": 211, "Plant_Count": 17, "AFFGEOID": "0500000US36025", "Total_Biodiversity": 233, "GEOID": "36025", "STATEFP": "36", "COUNTYNS": "00974111"}, "arcs": [[-104, -91, -154, -136, -8, 185, -183, -145]]}]}}, "type": "Topology", "transform": {"translate": [-79.76233390360528, 40.501941537179874], "scale": [0.0017671573883509604, 0.0012459697502335528]}, "arcs": [[[1154, 1580], [1, 52], [34, 0], [1, 36], [95, -2]], [[1285, 1666], [20, -1], [51, 0]], [[1356, 1665], [126, 0], [20, -75]], [[1502, 1590], [5, -169], [76, 5]], [[1583, 1426], [0, -223]], [[1583, 1203], [-24, 0], [-341, -2], [-79, 0]], [[1139, 1201], [15, 379]], [[2612, 1082], [207, 133]], [[2819, 1215], [185, -113], [-69, -105], [102, -80], [16, -42]], [[3053, 875], [-61, -70], [-162, -11], [3, -51]], [[2833, 743], [-25, 3], [-51, 20], [-52, 33], [-35, 63], [-1, 23], [-2, 29], [-3, 89], [-11, 40], [-22, 31], [-19, 8]], [[1825, 1428], [69, -15], [0, 45], [94, -18], [-2, 89]], [[1986, 1529], [70, 3]], [[2056, 1532], [28, -123], [-16, -147], [2, -35], [0, -26]], [[2070, 1201], [-23, 0], [-179, 0], [-6, 0], [-48, 1]], [[1814, 1202], [-4, 122], [15, 104]], [[2857, 2235], [101, -47], [118, 11], [60, -16], [46, 26]], [[3182, 2209], [24, -218]], [[3206, 1991], [-222, 2], [-30, 0], [-123, 50]], [[2831, 2043], [-2, 9], [38, 93], [-10, 90]], [[2442, 2982], [156, -97]], [[2598, 2885], [34, -386]], [[2632, 2499], [-239, -157], [-126, 41]], [[2267, 2383], [-11, 175]], [[2256, 2558], [-7, 80], [-35, 3], [6, 74], [45, -4], [88, 73], [34, -3], [33, 86], [-34, 23], [56, 92]], [[3128, 515], [144, 146]], [[3272, 661], [-1, -3]], [[3271, 658], [7, -59], [47, -88], [-4, -107], [0, -6]], [[3321, 398], [-83, 49], [-98, 60], [-12, 8]], [[1502, 1590], [67, 1], [57, -17], [-4, 63]], [[1622, 1637], [113, 4]], [[1735, 1641], [3, -211], [41, -1]], [[1779, 1429], [-13, -39], [-51, 11], [-1, 37], [-131, -12]], [[3287, 874], [7, 116], [-13, 142], [20, 133]], [[3301, 1265], [124, -59], [104, -22], [21, 61]], [[3550, 1245], [1, -3], [-10, -182], [-7, -126], [-1, -20], [-6, -91]], [[3527, 823], [-28, 0], [-53, -10], [-148, -21], [-27, -40]], [[3271, 752], [-10, 15], [26, 107]], [[3271, 658], [115, 17], [133, 19]], [[3519, 694], [-4, -57], [39, -66], [-121, -78], [-18, -12], [39, -67], [0, -11], [1, -15], [0, 0], [-23, -37], [-33, -21], [-6, -26], [15, -4]], [[3408, 300], [-4, -3]], [[3404, 297], [-43, 15], [-16, 16], [-39, 7]], [[3306, 335], [7, 26], [8, 37], [0, 0]], [[3245, 3608], [87, 3], [133, 2], [168, 6], [-1, -33], [3, -42], [-23, -49], [8, -24], [14, -15], [4, -5], [-13, -41], [-5, -41], [-14, -64], [13, -42], [3, -4], [8, -13]], [[3630, 3246], [-65, -7], [-19, -42], [-98, -36], [-136, -9]], [[3312, 3152], [-32, 224], [-11, -1], [-24, 233]], [[1584, 2016], [141, 8]], [[1725, 2024], [-13, -43], [3, -200], [37, -78]], [[1752, 1703], [46, -59], [-63, -3]], [[1622, 1637], [0, 92], [-29, 83], [-14, 4]], [[1579, 1816], [-5, 78], [10, 122]], [[2208, 3132], [234, -150]], [[2256, 2558], [-141, 15], [2, -31], [-102, 9]], [[2015, 2551], [-6, 59], [-9, 41], [-39, 42], [-36, 13], [-46, 8], [17, 33], [75, 38], [-16, 42], [-38, 5], [8, 33], [-5, 23], [8, 26], [12, 26], [27, 31], [45, 8], [24, 20], [2, 34], [36, 15], [55, 38], [29, 1], [50, 45]], [[735, 1899], [220, 2], [67, -6]], [[1022, 1895], [0, -157], [-60, -108], [13, -9]], [[975, 1621], [-153, 0]], [[822, 1621], [-85, -2], [-2, 14]], [[735, 1633], [1, 196], [-13, 65], [12, 5]], [[999, 2298], [1, 0], [101, -17], [5, 0], [27, -2], [56, -47], [62, -38], [29, 12], [70, 19]], [[1350, 2225], [3, -192]], [[1353, 2033], [-65, 0], [2, -74], [-55, 1]], [[1235, 1960], [-102, -3], [16, 39], [-101, -1]], [[1048, 1995], [3, 40], [-1, 77], [-52, 0]], [[998, 2112], [1, 122], [0, 64]], [[1779, 1429], [46, -1]], [[1814, 1202], [-1, 0], [-208, 1], [-22, 0]], [[421, 2058], [42, 1], [22, -13], [7, -10], [2, -13], [12, 1], [17, -3], [8, 11], [-4, 13], [50, 17], [9, 12], [70, -11], [53, 21], [26, -8]], [[735, 2076], [0, -177]], [[735, 1633], [-131, -52], [-127, -24], [-41, 70], [-39, 7]], [[397, 1634], [-26, 26], [-16, -1]], [[355, 1659], [14, 36], [27, 25], [8, 35], [43, 22], [39, 24], [30, 37], [-3, 11], [-5, 17], [-10, 32], [-17, 16], [2, 37], [-11, 16], [-19, 4], [-33, 30], [9, 50], [-8, 7], [0, 0]], [[3146, 73], [0, 31], [2, 0], [16, 11], [6, 1], [42, 4], [9, 13]], [[3221, 133], [8, -13], [0, -19], [9, -20], [1, -11]], [[3239, 70], [-10, 7], [-32, -40], [-49, -29], [-35, -8], [7, 35], [18, 11], [8, 27]], [[3444, 1831], [3, 10], [-7, 87], [13, 23], [14, 7]], [[3467, 1958], [116, 14], [89, -12]], [[3672, 1960], [-3, -89], [-7, -25], [15, -45], [-24, -91], [-25, -98]], [[3628, 1612], [-245, -37]], [[3383, 1575], [6, 36], [7, 81], [48, 139]], [[1752, 1703], [118, -4], [109, 4]], [[1979, 1703], [7, -174]], [[3206, 1991], [0, -3], [2, -18]], [[3208, 1970], [5, -47], [-101, -81]], [[3112, 1842], [-15, -11], [-69, -5], [-25, -3], [-109, 45]], [[2894, 1868], [-65, 27]], [[2829, 1895], [11, 135], [-9, 13]], [[3112, 1842], [-5, -66], [52, 12]], [[3159, 1788], [6, -50], [-41, -94], [-12, -102], [5, -12]], [[3117, 1530], [5, -25], [-112, -18]], [[3010, 1487], [-99, 56], [-53, 75]], [[2858, 1618], [46, 87], [-21, 100], [11, 63]], [[3404, 297], [-18, -48]], [[3386, 249], [-27, -6], [-11, -3], [-37, -4]], [[3311, 236], [-31, 23]], [[3280, 259], [11, 27], [5, 13], [2, 7], [7, 25], [1, 4]], [[3312, 3152], [-131, -18], [27, -216], [-107, -14]], [[3101, 2904], [-143, -17]], [[2958, 2887], [5, 57], [-67, 664]], [[2896, 3608], [19, 1], [99, -2], [114, -3], [117, 4]], [[2527, 1800], [25, 32], [2, 70]], [[2554, 1902], [21, 7]], [[2575, 1909], [0, -19], [63, 41], [110, -67], [15, 59], [66, -28]], [[2858, 1618], [-75, -4], [-200, -124], [-123, -36]], [[2460, 1454], [22, 78], [-16, 79], [44, 64], [17, 125]], [[975, 1621], [112, -3], [0, -35], [67, -3]], [[1139, 1201], [-47, 0], [-113, 1], [-99, -1], [-37, 0], [-21, 0]], [[822, 1201], [0, 420]], [[1356, 1665], [-1, 63], [17, 62], [14, 23], [193, 3]], [[1974, 1821], [214, 16]], [[2188, 1837], [4, -54]], [[2192, 1783], [14, -247]], [[2206, 1536], [-89, -6], [-61, 2]], [[1979, 1703], [-5, 118]], [[1353, 2033], [70, 0], [18, 4], [47, -22], [96, 1]], [[1285, 1666], [3, 74], [-64, 2], [-7, 73], [18, 145]], [[1350, 2225], [20, 5], [44, -2], [75, 6], [74, -11], [27, -1], [63, 28], [41, 11], [27, 15]], [[1721, 2276], [11, -207], [-7, -45]], [[734, 2303], [0, -195]], [[734, 2108], [1, -32]], [[421, 2058], [-31, 10], [8, 37], [2, 7], [6, 16], [-4, 55], [-10, 33], [134, 44], [162, 42], [46, 1]], [[3159, 1788], [197, 34], [13, 5]], [[3369, 1827], [47, 36], [28, -32]], [[3383, 1575], [-266, -45]], [[1858, 2188], [125, 8], [34, -20], [-7, 45], [75, -56], [48, -13]], [[2133, 2152], [10, -74], [33, -4], [12, -237]], [[1974, 1821], [-47, 63], [-53, -3], [-23, 128], [7, 179]], [[2598, 2885], [61, -37], [118, 15]], [[2777, 2863], [45, -467], [-52, -118], [87, -43]], [[2575, 1909], [-4, 138], [85, 141], [-1, 0], [-1, 0], [-1, 0], [0, 1], [0, 0], [0, 1], [0, 1], [0, 0], [1, 0], [1, 1], [0, 0], [0, 0], [0, 1], [0, 0], [-1, 0], [-1, 1], [0, 0], [0, -1], [-1, 0], [-1, -1], [0, 0], [-1, -1], [-1, 0], [0, 0], [-1, 0], [0, -1], [-1, 0], [-1, 0], [0, 0], [-1, 0], [0, 0], [-2, 0], [-1, 0], [-1, 1], [-3, 1], [-1, 1], [0, 0], [-1, 1], [-1, 1], [-1, 0], [0, 0], [-1, 0], [-1, 1], [-1, 0], [0, 1], [-1, 0], [0, 0], [-1, 0], [0, 0], [-1, 0], [-1, 1], [0, 0], [-1, 0], [0, 0], [-1, 1], [0, 0], [0, 0], [0, 1], [0, 2], [0, 0], [0, 1], [-1, 0], [0, 1], [-1, 0], [0, 0], [0, 0], [-1, 0], [-2, 0], [-2, 0], [-1, 1], [0, 0], [0, 0], [0, 1], [0, 0], [-1, 1], [-1, 0], [-1, 1], [0, 1], [0, 1], [0, 0], [-1, 0], [0, 0], [0, -1], [0, -1], [-1, 0], [0, 0], [-1, -1], [0, 0], [0, -1], [0, 0], [0, -1], [0, 0], [0, 0], [0, -1], [0, 0], [0, -1], [-1, 0], [0, 0], [-1, 0], [0, 1], [0, 0], [0, 2], [0, 0], [0, 1], [-1, 2], [0, 1], [0, 1], [0, 1], [0, 0], [0, 1], [-1, 0], [0, -1], [0, -1], [0, 0], [-1, -1], [0, 0], [-1, 0], [-1, 0], [-1, 2], [48, 59], [-19, 228]], [[822, 1201], [-162, 1], [-182, -1], [-37, 0], [-44, 0]], [[397, 1201], [0, 433]], [[3005, 1338], [82, -44], [132, -14], [41, 64], [52, -40]], [[3312, 1304], [-11, -39]], [[3287, 874], [-56, -8], [-120, 41], [-58, -32]], [[2819, 1215], [141, 105], [45, 18]], [[3408, 300], [15, -4], [34, 6], [21, 16], [66, 16], [2, 4]], [[3546, 338], [19, -45], [14, -93], [1, -9], [8, -55], [-1, -47]], [[3587, 89], [-34, -11], [-13, -5], [-76, -8], [-62, 5]], [[3402, 70], [5, 43], [10, 9], [-2, 8], [0, 6], [1, 7], [0, 24], [-2, 7], [3, 5], [10, 2], [3, 20], [-28, 25], [-16, 23]], [[1022, 1895], [0, 34], [26, 66]], [[1721, 2276], [21, 12], [30, 49], [8, 5]], [[1780, 2342], [7, -133], [71, -21]], [[2192, 1783], [260, 18], [75, -1]], [[2460, 1454], [-2, -95]], [[2458, 1359], [-37, 0], [-87, 0], [-1, 43], [-111, -4], [-16, 138]], [[3312, 1304], [70, 117], [1, 154]], [[3628, 1612], [-18, -68], [-15, -60], [-56, -213], [11, -26]], [[1780, 2342], [57, 41], [56, 41], [26, 3], [2, 0], [27, -11], [48, 14], [18, 37], [4, 60], [-3, 24]], [[2267, 2383], [-33, 10], [-40, -127], [1, -136]], [[2195, 2130], [-27, 17], [-35, 5]], [[3272, 661], [19, 56], [-20, 35]], [[3527, 823], [-4, -69], [-3, -51], [0, -1], [0, -1], [-1, -7]], [[3005, 1338], [-48, 26], [53, 123]], [[3270, 237], [7, 15], [2, 4], [1, 3]], [[3311, 236], [-5, -11], [-24, -36]], [[3282, 189], [0, -12], [-2, -3], [-37, 3]], [[3243, 177], [4, 9], [1, 3], [5, 15], [17, 33]], [[3128, 515], [-38, 24], [-37, 25], [-51, 35], [-135, 88], [-22, 55], [-12, 1]], [[2195, 2130], [90, 6], [97, -101], [5, -85], [56, 1], [4, -56], [107, 7]], [[3229, 2603], [350, 47]], [[3579, 2650], [-31, -117], [-81, -129], [23, -153]], [[3490, 2251], [-82, -33], [-15, -35], [-39, 26], [6, 41], [-33, 75], [-157, -22]], [[3170, 2303], [-31, 287], [90, 13]], [[4382, 620], [52, 13], [5, -31], [-66, -13], [9, 31]], [[3546, 338], [6, 19], [28, -9], [25, 16], [35, -21], [54, -18], [3, -1], [45, 19], [2, 21], [20, 13], [39, -6], [103, 2], [86, 9], [69, 16], [46, 37], [33, 34], [32, 18], [20, 25], [36, 13], [57, 30], [4, -12], [-41, -54], [-16, -35], [37, -21], [31, 10], [21, 49], [24, -11], [-7, -38], [25, -27], [52, 41], [23, 8], [36, -8], [-46, -52], [-91, -38], [-114, -45], [-55, -29], [-204, -82], [-94, -41], [-51, -27], [-75, -27], [-35, -12], [-55, -9], [-26, 8], [-41, -14]], [[0, 1419], [76, 44], [99, 69], [40, 45], [56, 36], [51, 27], [31, 15], [2, 4]], [[397, 1201], [-233, 0], [-78, 0], [-85, 0], [-1, 106], [0, 112]], [[734, 2303], [76, 2], [105, 2], [84, -9]], [[998, 2112], [-264, -4]], [[3490, 2251], [10, -200], [-33, -93]], [[3369, 1827], [-49, 58], [-5, 49], [-29, -11], [-78, 47]], [[3182, 2209], [-12, 94]], [[2958, 2887], [-181, -24]], [[2208, 3132], [15, 14], [14, 40], [24, 35], [112, 115], [82, 78], [51, 41], [44, 41], [64, 34], [43, 24], [35, 23], [7, 15], [48, 5], [41, 25], [51, -19], [11, 0], [46, 5]], [[3282, 189], [23, -16], [0, -1], [24, -20], [6, 3], [3, -11], [9, -30], [13, -54]], [[3360, 60], [-65, -27], [-19, 14], [-10, 8], [-26, 15], [-1, 0]], [[3221, 133], [2, 2], [11, 16], [0, 1], [4, 9], [5, 16]], [[3630, 3246], [20, -32], [11, -53], [-16, -47], [-7, -20], [6, -38], [3, -37], [1, -5], [-19, -22], [-26, -51], [-2, -12], [-10, -42], [-11, -46], [17, -25], [-3, -29], [2, -36], [19, -43], [-9, -47], [5, -7]], [[3611, 2654], [-32, -4]], [[3229, 2603], [5, 42], [-57, 26], [-37, -15], [-70, 91], [46, 36], [-15, 121]], [[3402, 70], [-14, 1], [-28, -11]], [[2458, 1359], [9, -148], [24, -14]], [[2491, 1197], [-66, 5], [-4, 0], [-39, -1], [-179, 0], [-133, 0]], [[3611, 2654], [18, -30], [-6, -14], [-19, -44], [-12, -32], [-5, -48], [16, -25], [39, 47], [20, -34], [28, -39], [-6, -138], [-1, -39], [-9, -224], [0, -4], [-2, -70]], [[2612, 1082], [-25, 10], [-41, 18], [-16, 50], [-28, 36], [-11, 1]]]}